p_ap,p_com
p_ap,p_gl
p_ap,p_ip
p_ap,p_sel
p_ar,p_ap
p_ar,p_com
p_ar,p_gl
p_ar,p_in
p_ar,p_ip
p_ar,p_is
p_ar,p_jb
p_ar,p_jr
p_ar,p_sel
p_ar,p_so
p_au,p_com
p_au,p_sel
p_au,p_so
p_bm,p_com
p_bm,p_in
p_bm,p_ip
p_bm,p_sel
p_com,p_con
p_com,p_sel
p_con,p_com
p_con,p_gl
p_con,p_sel
p_con,p_so
p_data,p_data
p_fix,p_ap
p_fix,p_ar
p_fix,p_au
p_fix,p_com
p_fix,p_gl
p_fix,p_in
p_fix,p_is
p_fix,p_ja
p_fix,p_jb
p_fix,p_jr
p_fix,p_sj
p_fix,p_so
p_gl,p_ap
p_gl,p_ar
p_gl,p_com
p_gl,p_sel
p_in,p_bm
p_in,p_com
p_in,p_con
p_in,p_fix
p_in,p_ip
p_in,p_jr
p_in,p_po
p_in,p_sel
p_in,p_so
p_in,p_wr
p_ip,p_com
p_ip,p_sel
p_ir,p_bm
p_ir,p_com
p_ir,p_fix
p_ir,p_ip
p_ir,p_po
p_ir,p_sel
p_ir,p_so
p_ir,p_wr
p_is,p_ar
p_is,p_com
p_is,p_con
p_is,p_sel
p_is,p_so
p_ja,p_com
p_ja,p_con
p_ja,p_jb
p_ja,p_jr
p_ja,p_sel
p_jb,p_ar
p_jb,p_com
p_jb,p_con
p_jb,p_in
p_jb,p_ip
p_jb,p_ja
p_jb,p_jr
p_jb,p_msg
p_jb,p_sel
p_jb,p_so
p_jm,p_ar
p_jm,p_com
p_jm,p_con
p_jm,p_in
p_jm,p_ip
p_jm,p_ja
p_jm,p_jb
p_jm,p_jr
p_jm,p_msg
p_jm,p_sel
p_jm,p_so
p_jr,p_com
p_jr,p_in
p_jr,p_jb
p_jr,p_ma
p_jr,p_sa
p_jr,p_sel
p_ma,p_sel
p_mis,p_com
p_mis,p_is
p_mis,p_sel
p_mis,p_so
p_msg,p_sel
p_po,p_ap
p_po,p_ar
p_po,p_au
p_po,p_com
p_po,p_con
p_po,p_in
p_po,p_ip
p_po,p_jb
p_po,p_jr
p_po,p_sa
p_po,p_sel
p_rp,p_ar
p_rp,p_com
p_rp,p_sel
p_sa,p_com
p_sa,p_con
p_sa,p_sel
p_sel,p_com
p_sel,p_po
p_sj,p_com
p_sj,p_ip
p_sj,p_jr
p_sj,p_sel
p_so,p_ar
p_so,p_au
p_so,p_bm
p_so,p_com
p_so,p_con
p_so,p_fix
p_so,p_gl
p_so,p_in
p_so,p_ip
p_so,p_is
p_so,p_jr
p_so,p_po
p_so,p_sa
p_so,p_sel
p_so,p_sr
p_sr,p_ar
p_sr,p_com
p_sr,p_con
p_sr,p_in
p_sr,p_sel
p_wr,p_ar
p_wr,p_com
p_wr,p_con
p_wr,p_in
p_wr,p_sel
p_ap,p_com
p_ap,p_gl
p_ap,p_ip
p_ap,p_sel
p_ar,p_ap
p_ar,p_com
p_ar,p_data
p_ar,p_gl
p_ar,p_in
p_ar,p_ip
p_ar,p_is
p_ar,p_jb
p_ar,p_jr
p_ar,p_sel
p_ar,p_so
p_au,p_com
p_au,p_sel
p_au,p_so
p_bm,p_com
p_bm,p_in
p_bm,p_ip
p_bm,p_sel
p_com,p_con
p_com,p_sel
p_con,p_com
p_con,p_gl
p_con,p_sel
p_con,p_so
p_data,p_data
p_fix,p_ap
p_fix,p_ar
p_fix,p_au
p_fix,p_com
p_fix,p_gl
p_fix,p_in
p_fix,p_is
p_fix,p_ja
p_fix,p_jb
p_fix,p_jr
p_fix,p_sj
p_fix,p_so
p_gl,p_ap
p_gl,p_ar
p_gl,p_com
p_gl,p_sel
p_in,p_bm
p_in,p_com
p_in,p_con
p_in,p_fix
p_in,p_ip
p_in,p_jr
p_in,p_po
p_in,p_sel
p_in,p_so
p_in,p_wr
p_ip,p_com
p_ip,p_sel
p_ir,p_bm
p_ir,p_com
p_ir,p_fix
p_ir,p_ip
p_ir,p_po
p_ir,p_sel
p_ir,p_so
p_ir,p_wr
p_is,p_ar
p_is,p_com
p_is,p_con
p_is,p_sel
p_is,p_so
p_ja,p_com
p_ja,p_con
p_ja,p_jb
p_ja,p_jr
p_ja,p_sel
p_jb,p_ar
p_jb,p_com
p_jb,p_con
p_jb,p_in
p_jb,p_ip
p_jb,p_ja
p_jb,p_jr
p_jb,p_msg
p_jb,p_sel
p_jb,p_so
p_jm,p_ar
p_jm,p_com
p_jm,p_con
p_jm,p_in
p_jm,p_ip
p_jm,p_ja
p_jm,p_jb
p_jm,p_jr
p_jm,p_msg
p_jm,p_sel
p_jm,p_so
p_jr,p_com
p_jr,p_in
p_jr,p_jb
p_jr,p_ma
p_jr,p_sa
p_jr,p_sel
p_ma,p_sel
p_mis,p_com
p_mis,p_is
p_mis,p_sel
p_mis,p_so
p_msg,p_sel
p_po,p_ap
p_po,p_ar
p_po,p_au
p_po,p_com
p_po,p_con
p_po,p_in
p_po,p_ip
p_po,p_jb
p_po,p_jr
p_po,p_sa
p_po,p_sel
p_rp,p_ar
p_rp,p_com
p_rp,p_sel
p_sa,p_com
p_sa,p_con
p_sa,p_sel
p_sel,p_com
p_sel,p_po
p_sj,p_com
p_sj,p_ip
p_sj,p_jr
p_sj,p_sel
p_so,p_ar
p_so,p_au
p_so,p_bm
p_so,p_com
p_so,p_con
p_so,p_fix
p_so,p_gl
p_so,p_in
p_so,p_ip
p_so,p_is
p_so,p_jr
p_so,p_po
p_so,p_sa
p_so,p_sel
p_so,p_sr
p_sr,p_ar
p_sr,p_com
p_sr,p_con
p_sr,p_in
p_sr,p_sel
p_wr,p_ar
p_wr,p_com
p_wr,p_con
p_wr,p_in
p_wr,p_sel
